代號,進場時間,出場時間,已實現淨損益,損益幣別
籃2019-02,2019-02-12,2019-03-13,7924,TWD
籃2019-03,2019-03-12,2019-04-10,129221,TWD
籃2019-04,2019-04-12,2019-05-10,12739,TWD
籃2019-05,2019-05-14,2019-06-11,-22102,TWD
籃2019-06,2019-06-12,2019-07-09,-17124,TWD
籃2019-07,2019-07-12,2019-08-08,52708,TWD
籃2019-08,2019-08-13,2019-09-09,5936,TWD
籃2019-09,2019-09-12,2019-10-15,20673,TWD
籃2019-10,2019-10-15,2019-11-11,-15919,TWD
籃2019-11,2019-11-12,2019-12-09,-25295,TWD
籃2019-12,2019-12-12,2020-01-09,-15842,TWD
籃2020-01,2020-01-14,2020-02-19,27971,TWD
籃2020-02,2020-02-12,2020-03-11,63556,TWD
籃2020-03,2020-03-12,2020-04-10,60844,TWD
籃2020-04,2020-04-14,2020-05-12,39052,TWD
籃2020-05,2020-05-12,2020-06-08,48253,TWD
籃2020-06,2020-06-12,2020-07-13,16714,TWD
籃2020-07,2020-07-14,2020-08-10,32501,TWD
籃2020-08,2020-08-12,2020-09-08,14445,TWD
籃2020-09,2020-09-14,2020-10-14,29504,TWD
籃2020-10,2020-10-13,2020-11-09,26373,TWD
籃2020-11,2020-11-12,2020-12-09,10197,TWD
籃2020-12,2020-12-14,2021-01-11,34587,TWD
籃2021-01,2021-01-12,2021-02-17,-999,TWD
籃2021-02,2021-02-18,2021-03-18,37455,TWD
籃2021-03,2021-03-12,2021-04-12,24885,TWD
籃2021-04,2021-04-13,2021-05-11,23242,TWD
籃2021-05,2021-05-12,2021-06-08,28268,TWD
籃2021-06,2021-06-15,2021-07-12,86025,TWD
籃2021-07,2021-07-13,2021-08-09,-2053,TWD
籃2021-08,2021-08-12,2021-09-08,3226,TWD
籃2021-09,2021-09-14,2021-10-14,-27344,TWD
籃2021-10,2021-10-13,2021-11-09,15979,TWD
籃2021-11,2021-11-12,2021-12-09,26069,TWD
籃2021-12,2021-12-14,2022-01-11,-3474,TWD
籃2022-01,2022-01-12,2022-02-17,2761,TWD
籃2022-02,2022-02-14,2022-03-14,-1896,TWD
籃2022-03,2022-03-14,2022-04-12,31051,TWD
籃2022-04,2022-04-12,2022-05-10,13895,TWD
籃2022-05,2022-05-12,2022-06-09,45089,TWD
籃2022-06,2022-06-14,2022-07-11,-7218,TWD
籃2022-07,2022-07-12,2022-08-08,51182,TWD
籃2022-08,2022-08-12,2022-09-08,16984,TWD
籃2022-09,2022-09-13,2022-10-11,6305,TWD
籃2022-10,2022-10-12,2022-11-08,-15599,TWD
籃2022-11,2022-11-14,2022-12-09,25866,TWD
籃2022-12,2022-12-13,2023-01-10,-23612,TWD
籃2023-01,2023-01-12,2023-02-20,48386,TWD
籃2023-02,2023-02-14,2023-03-15,-12883,TWD
籃2023-03,2023-03-14,2023-04-13,63755,TWD
籃2023-04,2023-04-12,2023-05-10,82257,TWD
籃2023-05,2023-05-12,2023-06-08,184893,TWD
籃2023-06,2023-06-13,2023-07-12,19173,TWD
籃2023-07,2023-07-12,2023-08-09,1046,TWD
籃2023-08,2023-08-14,2023-09-08,3052,TWD
籃2023-09,2023-09-12,2023-10-12,-15862,TWD
籃2023-10,2023-10-12,2023-11-08,39106,TWD
籃2023-11,2023-11-14,2023-12-11,1249,TWD
籃2023-12,2023-12-12,2024-01-09,-11406,TWD
籃2024-01,2024-01-12,2024-02-19,39951,TWD
籃2024-02,2024-02-16,2024-03-15,-1166,TWD
籃2024-03,2024-03-12,2024-04-10,-10566,TWD
籃2024-04,2024-04-12,2024-05-10,2076,TWD
籃2024-05,2024-05-14,2024-06-11,44672,TWD
籃2024-06,2024-06-12,2024-07-09,9896,TWD
籃2024-07,2024-07-12,2024-08-12,7001,TWD
籃2024-08,2024-08-13,2024-09-09,10815,TWD
籃2024-09,2024-09-12,2024-10-15,2368,TWD
籃2024-10,2024-10-14,2024-11-11,27485,TWD
籃2024-11,2024-11-12,2024-12-09,30178,TWD
籃2024-12,2024-12-12,2025-01-09,3336,TWD
籃2025-01,2025-01-14,2025-02-19,10158,TWD
籃2025-02,2025-02-12,2025-03-12,8550,TWD
籃2025-03,2025-03-12,2025-04-10,-3496,TWD
籃2025-04,2025-04-14,2025-05-12,46485,TWD
籃2025-05,2025-05-13,2025-06-10,51750,TWD
籃2025-06,2025-06-12,2025-07-09,17394,TWD
籃2025-07,2025-07-14,2025-08-08,41662,TWD
籃2025-08,2025-08-12,2025-09-08,-8019,TWD
籃2025-09,2025-09-12,2025-10-14,-8137,TWD
籃2025-10,2025-10-14,2025-11-11,36944,TWD
籃2025-11,2025-11-12,2025-12-09,39768,TWD
籃2025-12,2025-12-12,2026-01-12,50270,TWD
籃2026-01,2026-01-13,2026-02-09,9474,TWD
籃2026-02,2026-02-23,2026-03-23,45926,TWD
籃2026-03,2026-03-12,2026-04-10,32008,TWD
籃2026-04,2026-04-14,2026-05-12,55763,TWD
籃2026-05,2026-05-12,2026-06-08,10596,TWD
籃2026-06,2026-06-12,2026-07-13,-5732,TWD
籃2026-07,2026-07-14,2026-08-10,14665,TWD
籃2026-08,2026-08-12,2026-09-08,33578,TWD
