代號,進場時間,出場時間,已實現淨損益,損益幣別
籃2020-02-11,2020-02-12,2020-03-11,191358,TWD
籃2020-03-11,2020-03-12,2020-04-10,84498,TWD
籃2020-04-13,2020-04-14,2020-05-12,168898,TWD
籃2020-05-11,2020-05-12,2020-06-08,129169,TWD
籃2020-06-11,2020-06-12,2020-07-13,20907,TWD
籃2020-07-13,2020-07-14,2020-08-10,28454,TWD
籃2020-08-11,2020-08-12,2020-09-08,21759,TWD
籃2020-09-11,2020-09-14,2020-10-14,35951,TWD
籃2020-10-12,2020-10-13,2020-11-09,38838,TWD
籃2020-11-11,2020-11-12,2020-12-09,185,TWD
籃2020-12-11,2020-12-14,2021-01-11,71155,TWD
籃2021-01-11,2021-01-12,2021-02-17,2051,TWD
籃2021-02-17,2021-02-18,2021-03-18,31621,TWD
籃2021-03-11,2021-03-12,2021-04-12,35784,TWD
籃2021-04-12,2021-04-13,2021-05-11,11380,TWD
籃2021-05-11,2021-05-12,2021-06-08,32135,TWD
籃2021-06-11,2021-06-15,2021-07-12,121926,TWD
籃2021-07-12,2021-07-13,2021-08-09,-7175,TWD
籃2021-08-11,2021-08-12,2021-09-08,9019,TWD
籃2021-09-13,2021-09-14,2021-10-14,-32103,TWD
籃2021-10-12,2021-10-13,2021-11-09,18651,TWD
籃2021-11-11,2021-11-12,2021-12-09,36791,TWD
籃2021-12-13,2021-12-14,2022-01-11,-345,TWD
籃2022-01-11,2022-01-12,2022-02-17,633,TWD
籃2022-02-11,2022-02-14,2022-03-14,2685,TWD
籃2022-03-11,2022-03-14,2022-04-12,86026,TWD
籃2022-04-11,2022-04-12,2022-05-10,-34049,TWD
籃2022-05-11,2022-05-12,2022-06-09,82106,TWD
籃2022-06-13,2022-06-14,2022-07-11,24064,TWD
籃2022-07-11,2022-07-12,2022-08-08,159645,TWD
籃2022-08-11,2022-08-12,2022-09-08,43087,TWD
籃2022-09-12,2022-09-13,2022-10-11,-5652,TWD
籃2022-10-11,2022-10-12,2022-11-08,-11288,TWD
籃2022-11-11,2022-11-14,2022-12-09,-54153,TWD
籃2022-12-12,2022-12-13,2023-01-10,-44900,TWD
籃2023-01-11,2023-01-12,2023-02-20,87360,TWD
籃2023-02-13,2023-02-14,2023-03-15,-10536,TWD
籃2023-03-13,2023-03-14,2023-04-13,117515,TWD
籃2023-04-11,2023-04-12,2023-05-10,82045,TWD
籃2023-05-11,2023-05-12,2023-06-08,199818,TWD
籃2023-06-12,2023-06-13,2023-07-12,15592,TWD
籃2023-07-11,2023-07-12,2023-08-09,-4447,TWD
籃2023-08-11,2023-08-14,2023-09-08,25999,TWD
籃2023-09-11,2023-09-12,2023-10-12,-11689,TWD
籃2023-10-11,2023-10-12,2023-11-08,39715,TWD
籃2023-11-13,2023-11-14,2023-12-11,22947,TWD
籃2023-12-11,2023-12-12,2024-01-09,-16032,TWD
籃2024-01-11,2024-01-12,2024-02-19,64132,TWD
籃2024-02-15,2024-02-16,2024-03-15,7603,TWD
籃2024-03-11,2024-03-12,2024-04-10,2139,TWD
籃2024-04-11,2024-04-12,2024-05-10,8593,TWD
籃2024-05-13,2024-05-14,2024-06-11,54399,TWD
籃2024-06-11,2024-06-12,2024-07-09,13687,TWD
籃2024-07-11,2024-07-12,2024-08-12,4810,TWD
籃2024-08-12,2024-08-13,2024-09-09,9121,TWD
籃2024-09-11,2024-09-12,2024-10-15,6931,TWD
籃2024-10-11,2024-10-14,2024-11-11,107393,TWD
籃2024-11-11,2024-11-12,2024-12-09,52416,TWD
籃2024-12-11,2024-12-12,2025-01-09,-1112,TWD
籃2025-01-13,2025-01-14,2025-02-19,-15520,TWD
籃2025-02-11,2025-02-12,2025-03-12,-45226,TWD
籃2025-03-11,2025-03-12,2025-04-10,39880,TWD
籃2025-04-11,2025-04-14,2025-05-12,83184,TWD
籃2025-05-12,2025-05-13,2025-06-10,-62350,TWD
籃2025-06-11,2025-06-12,2025-07-09,60254,TWD
籃2025-07-11,2025-07-14,2025-08-08,44542,TWD
籃2025-08-11,2025-08-12,2025-09-08,22709,TWD
籃2025-09-11,2025-09-12,2025-10-14,-23134,TWD
籃2025-10-13,2025-10-14,2025-11-11,48591,TWD
籃2025-11-11,2025-11-12,2025-12-09,41782,TWD
籃2025-12-11,2025-12-12,2026-01-12,147656,TWD
籃2026-01-12,2026-01-13,2026-02-09,18071,TWD
籃2026-02-11,2026-02-23,2026-03-23,93089,TWD
籃2026-03-11,2026-03-12,2026-04-10,86002,TWD
籃2026-04-13,2026-04-14,2026-05-12,89935,TWD
